Tên_mặt_hàng,Đơn_vị_tính,Loại_giá,Loại_tiền,Ngày,Giá
Cà phê Robusta nhân xô,VNĐ/kg,Thu mua,VNĐ,2021-01-01,31667.5
Cà phê Robusta nhân xô,Vnđ/kg,Thu mua,VNĐ,2021-01-04,32717.0
Cà phê Robusta nhân xô,Vnđ/kg,Thu mua,VNĐ,2021-01-05,32417.0
Cà phê Robusta nhân xô,Vnđ/kg,Thu mua,VNĐ,2021-01-06,32317.0
Cà phê Robusta nhân xô,Vnđ/kg,Thu mua,VNĐ,2021-01-07,32117.0
Cà phê Robusta nhân xô,Vnđ/kg,Thu mua,VNĐ,2021-01-08,31817.0
Cà phê Robusta nhân xô,Vnđ/kg,Thu mua,VNĐ,2021-01-11,31517.0
Cà phê Robusta nhân xô,Vnđ/kg,Thu mua,VNĐ,2021-01-12,31417.0
Cà phê Robusta nhân xô,Vnđ/kg,Thu mua,VNĐ,2021-01-13,31217.0
Cà phê Robusta nhân xô,Vnđ/kg,Thu mua,VNĐ,2021-01-14,31817.0
Cà phê Robusta nhân xô,Vnđ/kg,Thu mua,VNĐ,2021-01-15,31717.0
Cà phê Robusta nhân xô,Vnđ/kg,Thu mua,VNĐ,2021-01-18,32017.0
Cà phê Robusta nhân xô,Vnđ/kg,Thu mua,VNĐ,2021-01-19,31617.0
Cà phê Robusta nhân xô,Vnđ/kg,Thu mua,VNĐ,2021-01-20,31717.0
Cà phê Robusta nhân xô,Vnđ/kg,Thu mua,VNĐ,2021-01-21,31617.0
Cà phê Robusta nhân xô,Vnđ/kg,Thu mua,VNĐ,2021-01-22,31333.5
Cà phê Robusta nhân xô,Vnđ/kg,Thu mua,VNĐ,2021-01-25,31117.0
Cà phê Robusta nhân xô,Vnđ/kg,Thu mua,VNĐ,2021-01-26,31117.0
Cà phê Robusta nhân xô,Vnđ/kg,Thu mua,VNĐ,2021-01-27,31317.0
Cà phê Robusta nhân xô,Vnđ/kg,Thu mua,VNĐ,2021-01-28,31317.0
Cà phê Robusta nhân xô,Vnđ/kg,Thu mua,VNĐ,2021-01-29,31117.0
Cà phê Robusta nhân xô,VNĐ/kg,Thu mua,VNĐ,2021-02-01,31459.0
Cà phê Robusta nhân xô,Vnđ/kg,Thu mua,VNĐ,2021-02-02,31517.0
Cà phê Robusta nhân xô,Vnđ/kg,Thu mua,VNĐ,2021-02-03,31067.0
Cà phê Robusta nhân xô,Vnđ/kg,Thu mua,VNĐ,2021-02-04,31267.0
Cà phê Robusta nhân xô,Vnđ/kg,Thu mua,VNĐ,2021-02-05,31417.0
Cà phê Robusta nhân xô,Vnđ/kg,Thu mua,VNĐ,2021-02-08,31417.0
Cà phê Robusta nhân xô,Vnđ/kg,Thu mua,VNĐ,2021-02-09,31617.0
Cà phê Robusta nhân xô,Vnđ/kg,Thu mua,VNĐ,2021-02-10,31717.0
Cà phê Robusta nhân xô,Vnđ/kg,Thu mua,VNĐ,2021-02-11,31517.0
Cà phê Robusta nhân xô,Vnđ/kg,Thu mua,VNĐ,2021-02-12,31633.5
Cà phê Robusta nhân xô,Vnđ/kg,Thu mua,VNĐ,2021-02-16,31400.0
Cà phê Robusta nhân xô,Vnđ/kg,Thu mua,VNĐ,2021-02-17,31367.0
Cà phê Robusta nhân xô,Vnđ/kg,Thu mua,VNĐ,2021-02-18,31567.0
Cà phê Robusta nhân xô,Vnđ/kg,Thu mua,VNĐ,2021-02-19,31667.0
Cà phê Robusta nhân xô,Vnđ/kg,Thu mua,VNĐ,2021-02-22,31567.0
Cà phê Robusta nhân xô,Vnđ/kg,Thu mua,VNĐ,2021-02-23,32267.0
Cà phê Robusta nhân xô,Vnđ/kg,Thu mua,VNĐ,2021-02-24,32667.0
Cà phê Robusta nhân xô,Vnđ/kg,Thu mua,VNĐ,2021-02-25,32667.0
Cà phê Robusta nhân xô,Vnđ/kg,Thu mua,VNĐ,2021-02-26,32767.0
Cà phê Robusta nhân xô,VNĐ/kg,Thu mua,VNĐ,2021-03-01,32388.75
Cà phê Robusta nhân xô,Vnđ/kg,Thu mua,VNĐ,2021-03-02,32575.0
Cà phê Robusta nhân xô,Vnđ/kg,Thu mua,VNĐ,2021-03-03,32475.0
Cà phê Robusta nhân xô,Vnđ/kg,Thu mua,VNĐ,2021-03-04,32375.0
Cà phê Robusta nhân xô,Vnđ/kg,Thu mua,VNĐ,2021-03-05,32275.0
Cà phê Robusta nhân xô,Vnđ/kg,Thu mua,VNĐ,2021-03-08,32075.0
Cà phê Robusta nhân xô,Vnđ/kg,Thu mua,VNĐ,2021-03-09,31725.0
Cà phê Robusta nhân xô,Vnđ/kg,Thu mua,VNĐ,2021-03-10,32350.0
Cà phê Robusta nhân xô,Vnđ/kg,Thu mua,VNĐ,2021-03-11,32425.0
Cà phê Robusta nhân xô,Vnđ/kg,Thu mua,VNĐ,2021-03-12,32525.0
Cà phê Robusta nhân xô,Vnđ/kg,Thu mua,VNĐ,2021-03-15,32266.5
Cà phê Robusta nhân xô,Vnđ/kg,Thu mua,VNĐ,2021-03-16,32133.5
Cà phê Robusta nhân xô,Vnđ/kg,Thu mua,VNĐ,2021-03-17,32483.5
Cà phê Robusta nhân xô,Vnđ/kg,Thu mua,VNĐ,2021-03-18,32583.5
Cà phê Robusta nhân xô,Vnđ/kg,Thu mua,VNĐ,2021-03-19,32083.5
Cà phê Robusta nhân xô,Vnđ/kg,Thu mua,VNĐ,2021-03-22,31567.0
Cà phê Robusta nhân xô,Vnđ/kg,Thu mua,VNĐ,2021-03-23,31767.0
Cà phê Robusta nhân xô,Vnđ/kg,Thu mua,VNĐ,2021-03-24,31467.0
Cà phê Robusta nhân xô,Vnđ/kg,Thu mua,VNĐ,2021-03-25,31267.0
Cà phê Robusta nhân xô,Vnđ/kg,Thu mua,VNĐ,2021-03-26,31267.0
Cà phê Robusta nhân xô,Vnđ/kg,Thu mua,VNĐ,2021-03-29,32267.0
Cà phê Robusta nhân xô,Vnđ/kg,Thu mua,VNĐ,2021-03-30,31917.0
Cà phê Robusta nhân xô,Vnđ/kg,Thu mua,VNĐ,2021-03-31,31817.0
Cà phê Robusta nhân xô,VNĐ/kg,Thu mua,VNĐ,2021-04-01,32081.5
Cà phê Robusta nhân xô,Vnđ/kg,Thu mua,VNĐ,2021-04-02,31617.0
Cà phê Robusta nhân xô,Vnđ/kg,Thu mua,VNĐ,2021-04-05,31717.0
Cà phê Robusta nhân xô,Vnđ/kg,Thu mua,VNĐ,2021-04-06,31717.0
Cà phê Robusta nhân xô,Vnđ/kg,Thu mua,VNĐ,2021-04-07,31817.0
Cà phê Robusta nhân xô,Vnđ/kg,Thu mua,VNĐ,2021-04-08,31717.0
Cà phê Robusta nhân xô,Vnđ/kg,Thu mua,VNĐ,2021-04-09,32117.0
Cà phê Robusta nhân xô,Vnđ/kg,Thu mua,VNĐ,2021-04-12,32017.0
Cà phê Robusta nhân xô,Vnđ/kg,Thu mua,VNĐ,2021-04-13,32117.0
Cà phê Robusta nhân xô,Vnđ/kg,Thu mua,VNĐ,2021-04-14,32117.0
Cà phê Robusta nhân xô,Vnđ/kg,Thu mua,VNĐ,2021-04-15,32517.0
Cà phê Robusta nhân xô,Vnđ/kg,Thu mua,VNĐ,2021-04-16,32417.0
Cà phê Robusta nhân xô,Vnđ/kg,Thu mua,VNĐ,2021-04-19,32217.0
Cà phê Robusta nhân xô,Vnđ/kg,Thu mua,VNĐ,2021-04-20,32317.0
Cà phê Robusta nhân xô,Vnđ/kg,Thu mua,VNĐ,2021-04-21,32617.0
Cà phê Robusta nhân xô,Vnđ/kg,Thu mua,VNĐ,2021-04-22,32517.0
Cà phê Robusta nhân xô,Vnđ/kg,Thu mua,VNĐ,2021-04-23,32517.0
Cà phê Robusta nhân xô,Vnđ/kg,Thu mua,VNĐ,2021-04-26,32617.0
Cà phê Robusta nhân xô,Vnđ/kg,Thu mua,VNĐ,2021-04-27,32917.0
Cà phê Robusta nhân xô,Vnđ/kg,Thu mua,VNĐ,2021-04-28,33117.0
Cà phê Robusta nhân xô,Vnđ/kg,Thu mua,VNĐ,2021-04-29,33117.0
Cà phê Robusta nhân xô,Vnđ/kg,Thu mua,VNĐ,2021-04-30,32817.0
Cà phê Robusta nhân xô,VNĐ/kg,Thu mua,VNĐ,2021-05-01,32813.0
Cà phê Robusta nhân xô,Vnđ/kg,Thu mua,VNĐ,2021-05-03,32900.0
Cà phê Robusta nhân xô,Vnđ/kg,Thu mua,VNĐ,2021-05-04,32817.0
Cà phê Robusta nhân xô,Vnđ/kg,Thu mua,VNĐ,2021-05-05,33117.0
Cà phê Robusta nhân xô,Vnđ/kg,Thu mua,VNĐ,2021-05-06,33817.0
Cà phê Robusta nhân xô,Vnđ/kg,Thu mua,VNĐ,2021-05-07,33867.0
Cà phê Robusta nhân xô,Vnđ/kg,Thu mua,VNĐ,2021-05-10,33067.0
Cà phê Robusta nhân xô,Vnđ/kg,Thu mua,VNĐ,2021-05-11,32667.0
Cà phê Robusta nhân xô,Vnđ/kg,Thu mua,VNĐ,2021-05-12,32967.0
Cà phê Robusta nhân xô,Vnđ/kg,Thu mua,VNĐ,2021-05-13,32567.0
Cà phê Robusta nhân xô,Vnđ/kg,Thu mua,VNĐ,2021-05-14,32267.0
Cà phê Robusta nhân xô,Vnđ/kg,Thu mua,VNĐ,2021-05-17,31967.0
Cà phê Robusta nhân xô,Vnđ/kg,Thu mua,VNĐ,2021-05-18,31967.0
Cà phê Robusta nhân xô,Vnđ/kg,Thu mua,VNĐ,2021-05-19,32667.0
Cà phê Robusta nhân xô,Vnđ/kg,Thu mua,VNĐ,2021-05-20,32267.0
Cà phê Robusta nhân xô,Vnđ/kg,Thu mua,VNĐ,2021-05-21,32267.0
Cà phê Robusta nhân xô,Vnđ/kg,Thu mua,VNĐ,2021-05-24,32367.0
Cà phê Robusta nhân xô,Vnđ/kg,Thu mua,VNĐ,2021-05-25,32467.0
Cà phê Robusta nhân xô,Vnđ/kg,Thu mua,VNĐ,2021-05-26,32667.0
Cà phê Robusta nhân xô,Vnđ/kg,Thu mua,VNĐ,2021-05-27,33083.5
Cà phê Robusta nhân xô,Vnđ/kg,Thu mua,VNĐ,2021-05-28,33383.5
Cà phê Robusta nhân xô,Vnđ/kg,Thu mua,VNĐ,2021-05-31,33917.0
Cà phê Robusta nhân xô,VNĐ/kg,Thu mua,VNĐ,2021-06-01,34049.25
Cà phê Robusta nhân xô,Vnđ/kg,Thu mua,VNĐ,2021-06-02,34267.0
Cà phê Robusta nhân xô,Vnđ/kg,Thu mua,VNĐ,2021-06-03,34067.0
Cà phê Robusta nhân xô,Vnđ/kg,Thu mua,VNĐ,2021-06-04,34383.5
Cà phê Robusta nhân xô,Vnđ/kg,Thu mua,VNĐ,2021-06-07,33867.0
Cà phê Robusta nhân xô,Vnđ/kg,Thu mua,VNĐ,2021-06-08,33967.0
Cà phê Robusta nhân xô,Vnđ/kg,Thu mua,VNĐ,2021-06-09,33467.0
Cà phê Robusta nhân xô,Vnđ/kg,Thu mua,VNĐ,2021-06-10,33267.0
Cà phê Robusta nhân xô,Vnđ/kg,Thu mua,VNĐ,2021-06-11,33267.0
Cà phê Robusta nhân xô,Vnđ/kg,Thu mua,VNĐ,2021-06-14,33367.0
Cà phê Robusta nhân xô,Vnđ/kg,Thu mua,VNĐ,2021-06-15,33067.0
Cà phê Robusta nhân xô,Vnđ/kg,Thu mua,VNĐ,2021-06-16,33167.0
Cà phê Robusta nhân xô,Vnđ/kg,Thu mua,VNĐ,2021-06-17,33667.0
Cà phê Robusta nhân xô,Vnđ/kg,Thu mua,VNĐ,2021-06-18,33167.0
Cà phê Robusta nhân xô,Vnđ/kg,Thu mua,VNĐ,2021-06-21,34167.0
Cà phê Robusta nhân xô,Vnđ/kg,Thu mua,VNĐ,2021-06-22,34267.0
Cà phê Robusta nhân xô,Vnđ/kg,Thu mua,VNĐ,2021-06-23,33967.0
Cà phê Robusta nhân xô,Vnđ/kg,Thu mua,VNĐ,2021-06-24,34367.0
Cà phê Robusta nhân xô,Vnđ/kg,Thu mua,VNĐ,2021-06-25,34767.0
Cà phê Robusta nhân xô,Vnđ/kg,Thu mua,VNĐ,2021-06-28,35267.0
Cà phê Robusta nhân xô,Vnđ/kg,Thu mua,VNĐ,2021-06-29,35767.0
Cà phê Robusta nhân xô,Vnđ/kg,Thu mua,VNĐ,2021-06-30,35067.0
Cà phê Robusta nhân xô,VNĐ/kg,Thu mua,VNĐ,2021-07-01,35905.0
Cà phê Robusta nhân xô,Vnđ/kg,Thu mua,VNĐ,2021-07-02,35583.5
Cà phê Robusta nhân xô,Vnđ/kg,Thu mua,VNĐ,2021-07-05,35567.0
Cà phê Robusta nhân xô,Vnđ/kg,Thu mua,VNĐ,2021-07-06,35167.0
Cà phê Robusta nhân xô,Vnđ/kg,Thu mua,VNĐ,2021-07-07,35067.0
Cà phê Robusta nhân xô,Vnđ/kg,Thu mua,VNĐ,2021-07-08,35467.0
Cà phê Robusta nhân xô,Vnđ/kg,Thu mua,VNĐ,2021-07-09,35567.0
Cà phê Robusta nhân xô,Vnđ/kg,Thu mua,VNĐ,2021-07-12,35867.0
Cà phê Robusta nhân xô,Vnđ/kg,Thu mua,VNĐ,2021-07-13,35867.0
Cà phê Robusta nhân xô,Vnđ/kg,Thu mua,VNĐ,2021-07-14,35367.0
Cà phê Robusta nhân xô,Vnđ/kg,Thu mua,VNĐ,2021-07-15,35867.0
Cà phê Robusta nhân xô,Vnđ/kg,Thu mua,VNĐ,2021-07-16,35767.0
Cà phê Robusta nhân xô,Vnđ/kg,Thu mua,VNĐ,2021-07-19,35867.0
Cà phê Robusta nhân xô,Vnđ/kg,Thu mua,VNĐ,2021-07-20,35467.0
Cà phê Robusta nhân xô,Vnđ/kg,Thu mua,VNĐ,2021-07-21,35750.0
Cà phê Robusta nhân xô,Vnđ/kg,Thu mua,VNĐ,2021-07-22,36167.0
Cà phê Robusta nhân xô,Vnđ/kg,Thu mua,VNĐ,2021-07-23,37067.0
Cà phê Robusta nhân xô,Vnđ/kg,Thu mua,VNĐ,2021-07-26,37367.0
Cà phê Robusta nhân xô,Vnđ/kg,Thu mua,VNĐ,2021-07-27,38067.0
Cà phê Robusta nhân xô,Vnđ/kg,Thu mua,VNĐ,2021-07-28,37567.0
Cà phê Robusta nhân xô,Vnđ/kg,Thu mua,VNĐ,2021-07-29,37567.0
Cà phê Robusta nhân xô,Vnđ/kg,Thu mua,VNĐ,2021-07-30,37067.0
Cà phê Robusta nhân xô,VNĐ/kg,Thu mua,VNĐ,2021-08-01,37656.5
Cà phê Robusta nhân xô,Vnđ/kg,Thu mua,VNĐ,2021-08-02,36267.0
Cà phê Robusta nhân xô,Vnđ/kg,Thu mua,VNĐ,2021-08-03,36167.0
Cà phê Robusta nhân xô,Vnđ/kg,Thu mua,VNĐ,2021-08-04,36567.0
Cà phê Robusta nhân xô,Vnđ/kg,Thu mua,VNĐ,2021-08-05,36567.0
Cà phê Robusta nhân xô,Vnđ/kg,Thu mua,VNĐ,2021-08-06,36467.0
Cà phê Robusta nhân xô,Vnđ/kg,Thu mua,VNĐ,2021-08-09,36067.0
Cà phê Robusta nhân xô,Vnđ/kg,Thu mua,VNĐ,2021-08-10,36767.0
Cà phê Robusta nhân xô,Vnđ/kg,Thu mua,VNĐ,2021-08-11,37367.0
Cà phê Robusta nhân xô,Vnđ/kg,Thu mua,VNĐ,2021-08-12,37467.0
Cà phê Robusta nhân xô,Vnđ/kg,Thu mua,VNĐ,2021-08-13,37367.0
Cà phê Robusta nhân xô,Vnđ/kg,Thu mua,VNĐ,2021-08-16,37067.0
Cà phê Robusta nhân xô,Vnđ/kg,Thu mua,VNĐ,2021-08-17,37467.0
Cà phê Robusta nhân xô,Vnđ/kg,Thu mua,VNĐ,2021-08-18,37367.0
Cà phê Robusta nhân xô,Vnđ/kg,Thu mua,VNĐ,2021-08-19,37667.0
Cà phê Robusta nhân xô,Vnđ/kg,Thu mua,VNĐ,2021-08-20,37367.0
Cà phê Robusta nhân xô,Vnđ/kg,Thu mua,VNĐ,2021-08-23,39200.0
Cà phê Robusta nhân xô,Vnđ/kg,Thu mua,VNĐ,2021-08-24,39200.0
Cà phê Robusta nhân xô,Vnđ/kg,Thu mua,VNĐ,2021-08-25,39200.0
Cà phê Robusta nhân xô,Vnđ/kg,Thu mua,VNĐ,2021-08-26,38350.0
Cà phê Robusta nhân xô,Vnđ/kg,Thu mua,VNĐ,2021-08-27,39600.0
Cà phê Robusta nhân xô,Vnđ/kg,Thu mua,VNĐ,2021-08-30,39450.0
Cà phê Robusta nhân xô,Vnđ/kg,Thu mua,VNĐ,2021-08-31,39450.0
Cà phê Robusta nhân xô,VNĐ/kg,Thu mua,VNĐ,2021-09-01,39647.75
Cà phê Robusta nhân xô,Vnđ/kg,Thu mua,VNĐ,2021-09-02,39850.0
Cà phê Robusta nhân xô,Vnđ/kg,Thu mua,VNĐ,2021-09-03,39650.0
Cà phê Robusta nhân xô,Vnđ/kg,Thu mua,VNĐ,2021-09-06,39600.0
Cà phê Robusta nhân xô,Vnđ/kg,Thu mua,VNĐ,2021-09-07,39816.5
Cà phê Robusta nhân xô,Vnđ/kg,Thu mua,VNĐ,2021-09-08,39816.5
Cà phê Robusta nhân xô,Vnđ/kg,Thu mua,VNĐ,2021-09-09,39516.5
Cà phê Robusta nhân xô,Vnđ/kg,Thu mua,VNĐ,2021-09-10,38666.5
Cà phê Robusta nhân xô,Vnđ/kg,Thu mua,VNĐ,2021-09-13,40516.5
Cà phê Robusta nhân xô,Vnđ/kg,Thu mua,VNĐ,2021-09-14,39116.5
Cà phê Robusta nhân xô,Vnđ/kg,Thu mua,VNĐ,2021-09-15,39316.5
Cà phê Robusta nhân xô,Vnđ/kg,Thu mua,VNĐ,2021-09-16,39716.5
Cà phê Robusta nhân xô,Vnđ/kg,Thu mua,VNĐ,2021-09-17,39816.5
Cà phê Robusta nhân xô,Vnđ/kg,Thu mua,VNĐ,2021-09-20,40516.5
Cà phê Robusta nhân xô,Vnđ/kg,Thu mua,VNĐ,2021-09-21,40416.5
Cà phê Robusta nhân xô,Vnđ/kg,Thu mua,VNĐ,2021-09-22,40416.5
Cà phê Robusta nhân xô,Vnđ/kg,Thu mua,VNĐ,2021-09-23,40016.5
Cà phê Robusta nhân xô,Vnđ/kg,Thu mua,VNĐ,2021-09-24,40016.5
Cà phê Robusta nhân xô,Vnđ/kg,Thu mua,VNĐ,2021-09-27,40216.5
Cà phê Robusta nhân xô,Vnđ/kg,Thu mua,VNĐ,2021-09-28,39816.5
Cà phê Robusta nhân xô,Vnđ/kg,Thu mua,VNĐ,2021-09-29,40616.5
Cà phê Robusta nhân xô,Vnđ/kg,Thu mua,VNĐ,2021-09-30,39716.5
Cà phê Robusta nhân xô,VNĐ/kg,Thu mua,VNĐ,2021-10-01,39883.25
Cà phê Robusta nhân xô,Vnđ/kg,Thu mua,VNĐ,2021-10-04,40316.5
Cà phê Robusta nhân xô,Vnđ/kg,Thu mua,VNĐ,2021-10-05,40016.5
Cà phê Robusta nhân xô,Vnđ/kg,Thu mua,VNĐ,2021-10-06,39616.5
Cà phê Robusta nhân xô,Vnđ/kg,Thu mua,VNĐ,2021-10-07,39666.5
Cà phê Robusta nhân xô,Vnđ/kg,Thu mua,VNĐ,2021-10-08,39716.5
Cà phê Robusta nhân xô,Vnđ/kg,Thu mua,VNĐ,2021-10-11,39966.5
Cà phê Robusta nhân xô,Vnđ/kg,Thu mua,VNĐ,2021-10-12,39466.5
Cà phê Robusta nhân xô,Vnđ/kg,Thu mua,VNĐ,2021-10-13,39866.5
Cà phê Robusta nhân xô,Vnđ/kg,Thu mua,VNĐ,2021-10-14,40216.5
Cà phê Robusta nhân xô,Vnđ/kg,Thu mua,VNĐ,2021-10-15,40216.5
Cà phê Robusta nhân xô,Vnđ/kg,Thu mua,VNĐ,2021-10-18,40416.5
Cà phê Robusta nhân xô,Vnđ/kg,Thu mua,VNĐ,2021-10-19,39816.5
Cà phê Robusta nhân xô,Vnđ/kg,Thu mua,VNĐ,2021-10-20,39800.0
Cà phê Robusta nhân xô,Vnđ/kg,Thu mua,VNĐ,2021-10-21,39916.5
Cà phê Robusta nhân xô,Vnđ/kg,Thu mua,VNĐ,2021-10-22,40116.5
Cà phê Robusta nhân xô,Vnđ/kg,Thu mua,VNĐ,2021-10-25,40416.5
Cà phê Robusta nhân xô,Vnđ/kg,Thu mua,VNĐ,2021-10-26,40383.5
Cà phê Robusta nhân xô,Vnđ/kg,Thu mua,VNĐ,2021-10-27,41916.5
Cà phê Robusta nhân xô,Vnđ/kg,Thu mua,VNĐ,2021-10-28,41883.0
Cà phê Robusta nhân xô,Vnđ/kg,Thu mua,VNĐ,2021-10-29,39800.0
Cà phê Robusta nhân xô,VNĐ/kg,Thu mua,VNĐ,2021-11-01,40943.5
Cà phê Robusta nhân xô,Vnđ/kg,Thu mua,VNĐ,2021-11-02,40916.5
Cà phê Robusta nhân xô,Vnđ/kg,Thu mua,VNĐ,2021-11-03,41783.5
Cà phê Robusta nhân xô,Vnđ/kg,Thu mua,VNĐ,2021-11-04,41316.5
Cà phê Robusta nhân xô,Vnđ/kg,Thu mua,VNĐ,2021-11-05,40616.5
Cà phê Robusta nhân xô,Vnđ/kg,Thu mua,VNĐ,2021-11-08,40216.5
Cà phê Robusta nhân xô,Vnđ/kg,Thu mua,VNĐ,2021-11-09,40016.5
Cà phê Robusta nhân xô,Vnđ/kg,Thu mua,VNĐ,2021-11-10,40716.5
Cà phê Robusta nhân xô,Vnđ/kg,Thu mua,VNĐ,2021-11-11,40416.5
Cà phê Robusta nhân xô,Vnđ/kg,Thu mua,VNĐ,2021-11-12,41316.5
Cà phê Robusta nhân xô,Vnđ/kg,Thu mua,VNĐ,2021-11-15,40816.5
Cà phê Robusta nhân xô,Vnđ/kg,Thu mua,VNĐ,2021-11-16,40616.5
Cà phê Robusta nhân xô,Vnđ/kg,Thu mua,VNĐ,2021-11-17,40316.5
Cà phê Robusta nhân xô,Vnđ/kg,Thu mua,VNĐ,2021-11-18,40716.5
Cà phê Robusta nhân xô,Vnđ/kg,Thu mua,VNĐ,2021-11-19,40116.5
Cà phê Robusta nhân xô,Vnđ/kg,Thu mua,VNĐ,2021-11-22,40416.5
Cà phê Robusta nhân xô,Vnđ/kg,Thu mua,VNĐ,2021-11-23,40766.5
Cà phê Robusta nhân xô,Vnđ/kg,Thu mua,VNĐ,2021-11-24,41416.5
Cà phê Robusta nhân xô,Vnđ/kg,Thu mua,VNĐ,2021-11-25,40966.5
Cà phê Robusta nhân xô,Vnđ/kg,Thu mua,VNĐ,2021-11-26,40866.5
Cà phê Robusta nhân xô,Vnđ/kg,Thu mua,VNĐ,2021-11-29,41133.0
Cà phê Robusta nhân xô,Vnđ/kg,Thu mua,VNĐ,2021-11-30,40366.5
Cà phê Robusta nhân xô,VNĐ/kg,Thu mua,VNĐ,2021-12-01,40751.5
Cà phê Robusta nhân xô,Vnđ/kg,Thu mua,VNĐ,2021-12-02,40866.5
Cà phê Robusta nhân xô,Vnđ/kg,Thu mua,VNĐ,2021-12-03,41166.5
Cà phê Robusta nhân xô,Vnđ/kg,Thu mua,VNĐ,2021-12-06,41566.5
Cà phê Robusta nhân xô,Vnđ/kg,Thu mua,VNĐ,2021-12-07,41866.5
Cà phê Robusta nhân xô,Vnđ/kg,Thu mua,VNĐ,2021-12-08,40916.5
Cà phê Robusta nhân xô,Vnđ/kg,Thu mua,VNĐ,2021-12-09,40966.5
Cà phê Robusta nhân xô,Vnđ/kg,Thu mua,VNĐ,2021-12-10,41166.5
Cà phê Robusta nhân xô,Vnđ/kg,Thu mua,VNĐ,2021-12-13,41166.5
Cà phê Robusta nhân xô,Vnđ/kg,Thu mua,VNĐ,2021-12-14,41166.5
Cà phê Robusta nhân xô,Vnđ/kg,Thu mua,VNĐ,2021-12-15,41466.5
Cà phê Robusta nhân xô,Vnđ/kg,Thu mua,VNĐ,2021-12-16,41466.5
Cà phê Robusta nhân xô,Vnđ/kg,Thu mua,VNĐ,2021-12-17,40866.5
Cà phê Robusta nhân xô,Vnđ/kg,Thu mua,VNĐ,2021-12-20,41166.5
Cà phê Robusta nhân xô,Vnđ/kg,Thu mua,VNĐ,2021-12-21,40866.5
Cà phê Robusta nhân xô,Vnđ/kg,Thu mua,VNĐ,2021-12-22,40866.5
Cà phê Robusta nhân xô,Vnđ/kg,Thu mua,VNĐ,2021-12-23,41266.5
Cà phê Robusta nhân xô,Vnđ/kg,Thu mua,VNĐ,2021-12-24,41416.5
Cà phê Robusta nhân xô,Vnđ/kg,Thu mua,VNĐ,2021-12-27,41066.5
Cà phê Robusta nhân xô,Vnđ/kg,Thu mua,VNĐ,2021-12-28,41166.5
Cà phê Robusta nhân xô,Vnđ/kg,Thu mua,VNĐ,2021-12-29,40966.5
Cà phê Robusta nhân xô,Vnđ/kg,Thu mua,VNĐ,2021-12-30,41166.5
Cà phê Robusta nhân xô,Vnđ/kg,Thu mua,VNĐ,2021-12-31,41166.5
Cà phê Robusta nhân xô,VNĐ/kg,Thu mua,VNĐ,2022-01-01,39853.5
Cà phê Robusta nhân xô,Vnđ/kg,Thu mua,VNĐ,2022-01-03,40966.5
Cà phê Robusta nhân xô,Vnđ/kg,Thu mua,VNĐ,2022-01-04,40966.5
Cà phê Robusta nhân xô,Vnđ/kg,Thu mua,VNĐ,2022-01-05,40916.5
Cà phê Robusta nhân xô,Vnđ/kg,Thu mua,VNĐ,2022-01-06,40616.5
Cà phê Robusta nhân xô,Vnđ/kg,Thu mua,VNĐ,2022-01-07,39966.5
Cà phê Robusta nhân xô,Vnđ/kg,Thu mua,VNĐ,2022-01-10,40366.5
Cà phê Robusta nhân xô,Vnđ/kg,Thu mua,VNĐ,2022-01-11,39766.5
Cà phê Robusta nhân xô,Vnđ/kg,Thu mua,VNĐ,2022-01-12,39800.0
Cà phê Robusta nhân xô,Vnđ/kg,Thu mua,VNĐ,2022-01-13,39966.5
Cà phê Robusta nhân xô,Vnđ/kg,Thu mua,VNĐ,2022-01-14,39466.5
Cà phê Robusta nhân xô,Vnđ/kg,Thu mua,VNĐ,2022-01-17,39266.5
Cà phê Robusta nhân xô,Vnđ/kg,Thu mua,VNĐ,2022-01-18,39266.5
Cà phê Robusta nhân xô,Vnđ/kg,Thu mua,VNĐ,2022-01-19,39166.5
Cà phê Robusta nhân xô,Vnđ/kg,Thu mua,VNĐ,2022-01-20,39566.5
Cà phê Robusta nhân xô,Vnđ/kg,Thu mua,VNĐ,2022-01-21,39766.5
Cà phê Robusta nhân xô,Vnđ/kg,Thu mua,VNĐ,2022-01-24,39466.5
Cà phê Robusta nhân xô,Vnđ/kg,Thu mua,VNĐ,2022-01-25,39366.5
Cà phê Robusta nhân xô,Vnđ/kg,Thu mua,VNĐ,2022-01-26,39666.5
Cà phê Robusta nhân xô,Vnđ/kg,Thu mua,VNĐ,2022-01-27,39666.5
Cà phê Robusta nhân xô,Vnđ/kg,Thu mua,VNĐ,2022-01-28,39366.5
Cà phê Robusta nhân xô,Vnđ/kg,Thu mua,VNĐ,2022-01-31,39566.5
Cà phê Robusta nhân xô,VNĐ/kg,Thu mua,VNĐ,2022-02-01,40113.25
Cà phê Robusta nhân xô,Vnđ/kg,Thu mua,VNĐ,2022-02-02,39466.5
Cà phê Robusta nhân xô,Vnđ/kg,Thu mua,VNĐ,2022-02-03,39866.5
Cà phê Robusta nhân xô,Vnđ/kg,Thu mua,VNĐ,2022-02-04,40366.5
Cà phê Robusta nhân xô,Vnđ/kg,Thu mua,VNĐ,2022-02-07,40166.5
Cà phê Robusta nhân xô,Vnđ/kg,Thu mua,VNĐ,2022-02-08,40366.5
Cà phê Robusta nhân xô,Vnđ/kg,Thu mua,VNĐ,2022-02-09,40666.5
Cà phê Robusta nhân xô,Vnđ/kg,Thu mua,VNĐ,2022-02-10,41066.5
Cà phê Robusta nhân xô,Vnđ/kg,Thu mua,VNĐ,2022-02-11,41166.5
Cà phê Robusta nhân xô,Vnđ/kg,Thu mua,VNĐ,2022-02-14,41166.5
Cà phê Robusta nhân xô,Vnđ/kg,Thu mua,VNĐ,2022-02-15,41166.5
Cà phê Robusta nhân xô,Vnđ/kg,Thu mua,VNĐ,2022-02-16,41116.5
Cà phê Robusta nhân xô,Vnđ/kg,Thu mua,VNĐ,2022-02-17,41466.5
Cà phê Robusta nhân xô,Vnđ/kg,Thu mua,VNĐ,2022-02-18,41466.5
Cà phê Robusta nhân xô,Vnđ/kg,Thu mua,VNĐ,2022-02-21,41066.5
Cà phê Robusta nhân xô,Vnđ/kg,Thu mua,VNĐ,2022-02-22,41066.5
Cà phê Robusta nhân xô,Vnđ/kg,Thu mua,VNĐ,2022-02-23,41616.5
Cà phê Robusta nhân xô,Vnđ/kg,Thu mua,VNĐ,2022-02-24,41333.5
Cà phê Robusta nhân xô,Vnđ/kg,Thu mua,VNĐ,2022-02-25,40466.5
Cà phê Robusta nhân xô,Vnđ/kg,Thu mua,VNĐ,2022-02-28,40666.5
Cà phê Robusta nhân xô,VNĐ/kg,Thu mua,VNĐ,2022-03-01,40296.75
Cà phê Robusta nhân xô,Vnđ/kg,Thu mua,VNĐ,2022-03-02,39566.5
Cà phê Robusta nhân xô,Vnđ/kg,Thu mua,VNĐ,2022-03-03,39166.5
Cà phê Robusta nhân xô,Vnđ/kg,Thu mua,VNĐ,2022-03-04,38966.5
Cà phê Robusta nhân xô,Vnđ/kg,Thu mua,VNĐ,2022-03-07,39366.5
Cà phê Robusta nhân xô,Vnđ/kg,Thu mua,VNĐ,2022-03-08,39466.5
Cà phê Robusta nhân xô,Vnđ/kg,Thu mua,VNĐ,2022-03-09,40066.5
Cà phê Robusta nhân xô,Vnđ/kg,Thu mua,VNĐ,2022-03-10,40750.0
Cà phê Robusta nhân xô,Vnđ/kg,Thu mua,VNĐ,2022-03-11,40466.5
Cà phê Robusta nhân xô,Vnđ/kg,Thu mua,VNĐ,2022-03-14,40466.5
Cà phê Robusta nhân xô,Vnđ/kg,Thu mua,VNĐ,2022-03-15,40666.5
Cà phê Robusta nhân xô,Vnđ/kg,Thu mua,VNĐ,2022-03-16,40266.5
Cà phê Robusta nhân xô,Vnđ/kg,Thu mua,VNĐ,2022-03-17,40766.5
Cà phê Robusta nhân xô,Vnđ/kg,Thu mua,VNĐ,2022-03-18,41066.5
Cà phê Robusta nhân xô,Vnđ/kg,Thu mua,VNĐ,2022-03-21,41466.5
Cà phê Robusta nhân xô,Vnđ/kg,Thu mua,VNĐ,2022-03-22,41666.5
Cà phê Robusta nhân xô,Vnđ/kg,Thu mua,VNĐ,2022-03-23,41466.5
Cà phê Robusta nhân xô,Vnđ/kg,Thu mua,VNĐ,2022-03-24,41166.5
Cà phê Robusta nhân xô,Vnđ/kg,Thu mua,VNĐ,2022-03-25,40766.5
Cà phê Robusta nhân xô,Vnđ/kg,Thu mua,VNĐ,2022-03-28,41066.5
Cà phê Robusta nhân xô,Vnđ/kg,Thu mua,VNĐ,2022-03-29,41066.5
Cà phê Robusta nhân xô,Vnđ/kg,Thu mua,VNĐ,2022-03-30,41066.5
Cà phê Robusta nhân xô,Vnđ/kg,Thu mua,VNĐ,2022-03-31,41266.5
Cà phê Robusta nhân xô,VNĐ/kg,Thu mua,VNĐ,2022-04-01,41103.5
Cà phê Robusta nhân xô,Vnđ/kg,Thu mua,VNĐ,2022-04-04,41166.5
Cà phê Robusta nhân xô,Vnđ/kg,Thu mua,VNĐ,2022-04-05,41166.5
Cà phê Robusta nhân xô,Vnđ/kg,Thu mua,VNĐ,2022-04-06,40966.5
Cà phê Robusta nhân xô,Vnđ/kg,Thu mua,VNĐ,2022-04-07,40566.5
Cà phê Robusta nhân xô,Vnđ/kg,Thu mua,VNĐ,2022-04-08,40366.5
Cà phê Robusta nhân xô,Vnđ/kg,Thu mua,VNĐ,2022-04-11,40966.5
Cà phê Robusta nhân xô,Vnđ/kg,Thu mua,VNĐ,2022-04-12,41166.5
Cà phê Robusta nhân xô,Vnđ/kg,Thu mua,VNĐ,2022-04-13,40866.5
Cà phê Robusta nhân xô,Vnđ/kg,Thu mua,VNĐ,2022-04-14,40766.5
Cà phê Robusta nhân xô,Vnđ/kg,Thu mua,VNĐ,2022-04-15,40666.5
Cà phê Robusta nhân xô,Vnđ/kg,Thu mua,VNĐ,2022-04-18,40666.5
Cà phê Robusta nhân xô,Vnđ/kg,Thu mua,VNĐ,2022-04-19,40666.5
Cà phê Robusta nhân xô,Vnđ/kg,Thu mua,VNĐ,2022-04-20,40466.5
Cà phê Robusta nhân xô,Vnđ/kg,Thu mua,VNĐ,2022-04-21,40566.5
Cà phê Robusta nhân xô,Vnđ/kg,Thu mua,VNĐ,2022-04-22,40966.5
Cà phê Robusta nhân xô,Vnđ/kg,Thu mua,VNĐ,2022-04-25,41166.5
Cà phê Robusta nhân xô,Vnđ/kg,Thu mua,VNĐ,2022-04-26,40166.5
Cà phê Robusta nhân xô,Vnđ/kg,Thu mua,VNĐ,2022-04-27,40166.5
Cà phê Robusta nhân xô,Vnđ/kg,Thu mua,VNĐ,2022-04-28,39766.5
Cà phê Robusta nhân xô,Vnđ/kg,Thu mua,VNĐ,2022-04-29,40816.5
Cà phê Robusta nhân xô,VNĐ/kg,Thu mua,VNĐ,2022-05-01,41098.5
Cà phê Robusta nhân xô,Vnđ/kg,Thu mua,VNĐ,2022-05-02,41366.5
Cà phê Robusta nhân xô,Vnđ/kg,Thu mua,VNĐ,2022-05-03,41466.5
Cà phê Robusta nhân xô,Vnđ/kg,Thu mua,VNĐ,2022-05-04,41566.5
Cà phê Robusta nhân xô,Vnđ/kg,Thu mua,VNĐ,2022-05-05,41866.5
Cà phê Robusta nhân xô,Vnđ/kg,Thu mua,VNĐ,2022-05-06,41766.5
Cà phê Robusta nhân xô,Vnđ/kg,Thu mua,VNĐ,2022-05-09,40766.5
Cà phê Robusta nhân xô,Vnđ/kg,Thu mua,VNĐ,2022-05-10,39716.5
Cà phê Robusta nhân xô,Vnđ/kg,Thu mua,VNĐ,2022-05-11,39716.5
Cà phê Robusta nhân xô,Vnđ/kg,Thu mua,VNĐ,2022-05-12,40766.5
Cà phê Robusta nhân xô,Vnđ/kg,Thu mua,VNĐ,2022-05-13,40666.5
Cà phê Robusta nhân xô,Vnđ/kg,Thu mua,VNĐ,2022-05-16,40466.5
Cà phê Robusta nhân xô,Vnđ/kg,Thu mua,VNĐ,2022-05-17,41366.5
Cà phê Robusta nhân xô,Vnđ/kg,Thu mua,VNĐ,2022-05-18,41666.5
Cà phê Robusta nhân xô,Vnđ/kg,Thu mua,VNĐ,2022-05-19,40866.5
Cà phê Robusta nhân xô,Vnđ/kg,Thu mua,VNĐ,2022-05-20,41266.5
Cà phê Robusta nhân xô,Vnđ/kg,Thu mua,VNĐ,2022-05-23,40866.5
Cà phê Robusta nhân xô,Vnđ/kg,Thu mua,VNĐ,2022-05-24,40666.5
Cà phê Robusta nhân xô,Vnđ/kg,Thu mua,VNĐ,2022-05-25,40766.5
Cà phê Robusta nhân xô,Vnđ/kg,Thu mua,VNĐ,2022-05-26,41366.5
Cà phê Robusta nhân xô,Vnđ/kg,Thu mua,VNĐ,2022-05-27,41766.5
Cà phê Robusta nhân xô,Vnđ/kg,Thu mua,VNĐ,2022-05-30,41666.5
Cà phê Robusta nhân xô,Vnđ/kg,Thu mua,VNĐ,2022-05-31,41766.5
Cà phê Robusta nhân xô,VNĐ/kg,Thu mua,VNĐ,2022-06-01,42118.75
Cà phê Robusta nhân xô,Vnđ/kg,Thu mua,VNĐ,2022-06-02,42766.5
Cà phê Robusta nhân xô,Vnđ/kg,Thu mua,VNĐ,2022-06-03,42766.5
Cà phê Robusta nhân xô,Vnđ/kg,Thu mua,VNĐ,2022-06-06,42766.5
Cà phê Robusta nhân xô,Vnđ/kg,Thu mua,VNĐ,2022-06-07,42416.5
Cà phê Robusta nhân xô,Vnđ/kg,Thu mua,VNĐ,2022-06-08,42266.5
Cà phê Robusta nhân xô,Vnđ/kg,Thu mua,VNĐ,2022-06-09,42266.5
Cà phê Robusta nhân xô,Vnđ/kg,Thu mua,VNĐ,2022-06-10,42066.5
Cà phê Robusta nhân xô,Vnđ/kg,Thu mua,VNĐ,2022-06-13,41766.5
Cà phê Robusta nhân xô,Vnđ/kg,Thu mua,VNĐ,2022-06-14,41366.5
Cà phê Robusta nhân xô,Vnđ/kg,Thu mua,VNĐ,2022-06-15,41216.5
Cà phê Robusta nhân xô,Vnđ/kg,Thu mua,VNĐ,2022-06-16,41216.5
Cà phê Robusta nhân xô,Vnđ/kg,Thu mua,VNĐ,2022-06-17,42416.5
Cà phê Robusta nhân xô,Vnđ/kg,Thu mua,VNĐ,2022-06-20,42516.5
Cà phê Robusta nhân xô,Vnđ/kg,Thu mua,VNĐ,2022-06-21,42516.5
Cà phê Robusta nhân xô,Vnđ/kg,Thu mua,VNĐ,2022-06-22,42966.5
Cà phê Robusta nhân xô,Vnđ/kg,Thu mua,VNĐ,2022-06-23,43366.5
Cà phê Robusta nhân xô,Vnđ/kg,Thu mua,VNĐ,2022-06-24,43066.5
Cà phê Robusta nhân xô,Vnđ/kg,Thu mua,VNĐ,2022-06-27,42716.5
Cà phê Robusta nhân xô,Vnđ/kg,Thu mua,VNĐ,2022-06-28,42816.5
Cà phê Robusta nhân xô,Vnđ/kg,Thu mua,VNĐ,2022-06-29,42316.5
Cà phê Robusta nhân xô,Vnđ/kg,Thu mua,VNĐ,2022-06-30,42716.5
Cà phê Robusta nhân xô,VNĐ/kg,Thu mua,VNĐ,2022-07-01,42409.75
Cà phê Robusta nhân xô,Vnđ/kg,Thu mua,VNĐ,2022-07-04,42116.5
Cà phê Robusta nhân xô,Vnđ/kg,Thu mua,VNĐ,2022-07-05,42116.5
Cà phê Robusta nhân xô,Vnđ/kg,Thu mua,VNĐ,2022-07-06,41416.5
Cà phê Robusta nhân xô,Vnđ/kg,Thu mua,VNĐ,2022-07-07,41516.5
Cà phê Robusta nhân xô,Vnđ/kg,Thu mua,VNĐ,2022-07-08,41316.5
Cà phê Robusta nhân xô,Vnđ/kg,Thu mua,VNĐ,2022-07-11,41916.5
Cà phê Robusta nhân xô,Vnđ/kg,Thu mua,VNĐ,2022-07-12,41566.5
Cà phê Robusta nhân xô,Vnđ/kg,Thu mua,VNĐ,2022-07-13,41416.5
Cà phê Robusta nhân xô,Vnđ/kg,Thu mua,VNĐ,2022-07-14,42016.5
Cà phê Robusta nhân xô,Vnđ/kg,Thu mua,VNĐ,2022-07-15,41016.5
Cà phê Robusta nhân xô,Vnđ/kg,Thu mua,VNĐ,2022-07-18,41216.5
Cà phê Robusta nhân xô,Vnđ/kg,Thu mua,VNĐ,2022-07-19,42216.5
Cà phê Robusta nhân xô,Vnđ/kg,Thu mua,VNĐ,2022-07-20,42616.5
Cà phê Robusta nhân xô,Vnđ/kg,Thu mua,VNĐ,2022-07-21,42716.5
Cà phê Robusta nhân xô,Vnđ/kg,Thu mua,VNĐ,2022-07-22,42516.5
Cà phê Robusta nhân xô,Vnđ/kg,Thu mua,VNĐ,2022-07-25,42316.5
Cà phê Robusta nhân xô,Vnđ/kg,Thu mua,VNĐ,2022-07-26,42616.5
Cà phê Robusta nhân xô,Vnđ/kg,Thu mua,VNĐ,2022-07-27,42716.5
Cà phê Robusta nhân xô,Vnđ/kg,Thu mua,VNĐ,2022-07-28,43050.0
Cà phê Robusta nhân xô,Vnđ/kg,Thu mua,VNĐ,2022-07-29,43050.0
Cà phê Robusta nhân xô,VNĐ/kg,Thu mua,VNĐ,2022-08-01,45567.25
Cà phê Robusta nhân xô,Vnđ/kg,Thu mua,VNĐ,2022-08-02,44216.5
Cà phê Robusta nhân xô,Vnđ/kg,Thu mua,VNĐ,2022-08-03,44116.5
Cà phê Robusta nhân xô,Vnđ/kg,Thu mua,VNĐ,2022-08-04,44216.5
Cà phê Robusta nhân xô,Vnđ/kg,Thu mua,VNĐ,2022-08-05,43700.0
Cà phê Robusta nhân xô,Vnđ/kg,Thu mua,VNĐ,2022-08-08,44616.5
Cà phê Robusta nhân xô,Vnđ/kg,Thu mua,VNĐ,2022-08-09,44916.5
Cà phê Robusta nhân xô,Vnđ/kg,Thu mua,VNĐ,2022-08-10,45616.5
Cà phê Robusta nhân xô,Vnđ/kg,Thu mua,VNĐ,2022-08-11,44916.5
Cà phê Robusta nhân xô,Vnđ/kg,Thu mua,VNĐ,2022-08-12,48016.5
Cà phê Robusta nhân xô,Vnđ/kg,Thu mua,VNĐ,2022-08-15,48716.5
Cà phê Robusta nhân xô,Vnđ/kg,Thu mua,VNĐ,2022-08-16,48816.5
Cà phê Robusta nhân xô,Vnđ/kg,Thu mua,VNĐ,2022-08-17,48416.5
Cà phê Robusta nhân xô,Vnđ/kg,Thu mua,VNĐ,2022-08-18,48116.5
Cà phê Robusta nhân xô,Vnđ/kg,Thu mua,VNĐ,2022-08-19,48016.5
Cà phê Robusta nhân xô,Vnđ/kg,Thu mua,VNĐ,2022-08-22,48316.5
Cà phê Robusta nhân xô,Vnđ/kg,Thu mua,VNĐ,2022-08-23,48616.5
Cà phê Robusta nhân xô,Vnđ/kg,Thu mua,VNĐ,2022-08-24,48916.5
Cà phê Robusta nhân xô,Vnđ/kg,Thu mua,VNĐ,2022-08-25,50416.5
Cà phê Robusta nhân xô,Vnđ/kg,Thu mua,VNĐ,2022-08-26,49416.5
Cà phê Robusta nhân xô,Vnđ/kg,Thu mua,VNĐ,2022-08-29,48566.5
Cà phê Robusta nhân xô,Vnđ/kg,Thu mua,VNĐ,2022-08-30,48466.5
Cà phê Robusta nhân xô,Vnđ/kg,Thu mua,VNĐ,2022-08-31,48166.5
Cà phê Robusta nhân xô,VNĐ/kg,Thu mua,VNĐ,2022-09-01,47934.0
Cà phê Robusta nhân xô,Vnđ/kg,Thu mua,VNĐ,2022-09-02,47766.5
Cà phê Robusta nhân xô,Vnđ/kg,Thu mua,VNĐ,2022-09-05,47566.5
Cà phê Robusta nhân xô,Vnđ/kg,Thu mua,VNĐ,2022-09-06,47466.5
Cà phê Robusta nhân xô,Vnđ/kg,Thu mua,VNĐ,2022-09-07,47766.5
Cà phê Robusta nhân xô,Vnđ/kg,Thu mua,VNĐ,2022-09-08,47766.5
Cà phê Robusta nhân xô,Vnđ/kg,Thu mua,VNĐ,2022-09-09,47766.5
Cà phê Robusta nhân xô,Vnđ/kg,Thu mua,VNĐ,2022-09-12,48066.5
Cà phê Robusta nhân xô,Vnđ/kg,Thu mua,VNĐ,2022-09-13,47966.5
Cà phê Robusta nhân xô,Vnđ/kg,Thu mua,VNĐ,2022-09-14,47466.5
Cà phê Robusta nhân xô,Vnđ/kg,Thu mua,VNĐ,2022-09-15,47366.5
Cà phê Robusta nhân xô,Vnđ/kg,Thu mua,VNĐ,2022-09-16,47366.5
Cà phê Robusta nhân xô,Vnđ/kg,Thu mua,VNĐ,2022-09-19,47166.5
Cà phê Robusta nhân xô,Vnđ/kg,Thu mua,VNĐ,2022-09-20,47166.5
Cà phê Robusta nhân xô,Vnđ/kg,Thu mua,VNĐ,2022-09-21,47466.5
Cà phê Robusta nhân xô,Vnđ/kg,Thu mua,VNĐ,2022-09-22,47466.5
Cà phê Robusta nhân xô,Vnđ/kg,Thu mua,VNĐ,2022-09-23,47699.8
Cà phê Robusta nhân xô,Vnđ/kg,Thu mua,VNĐ,2022-09-26,47316.5
Cà phê Robusta nhân xô,Vnđ/kg,Thu mua,VNĐ,2022-09-27,46866.5
Cà phê Robusta nhân xô,Vnđ/kg,Thu mua,VNĐ,2022-09-28,46866.5
Cà phê Robusta nhân xô,Vnđ/kg,Thu mua,VNĐ,2022-09-29,46816.5
Cà phê Robusta nhân xô,Vnđ/kg,Thu mua,VNĐ,2022-09-30,46466.5
Cà phê Robusta nhân xô,Vnđ/kg,Thu mua,VNĐ,2022-10-03,46466.5
Cà phê Robusta nhân xô,Vnđ/kg,Thu mua,VNĐ,2022-10-04,46666.5
Cà phê Robusta nhân xô,Vnđ/kg,Thu mua,VNĐ,2022-10-05,46666.5
Cà phê Robusta nhân xô,Vnđ/kg,Thu mua,VNĐ,2022-10-06,46666.5
Cà phê Robusta nhân xô,Vnđ/kg,Thu mua,VNĐ,2022-10-07,46616.5
Cà phê Robusta nhân xô,Vnđ/kg,Thu mua,VNĐ,2022-10-10,46583.5
Cà phê Robusta nhân xô,Vnđ/kg,Thu mua,VNĐ,2022-10-11,46683.5
Cà phê Robusta nhân xô,Vnđ/kg,Thu mua,VNĐ,2022-10-12,46533.5
Cà phê Robusta nhân xô,Vnđ/kg,Thu mua,VNĐ,2022-10-13,45883.5
Cà phê Robusta nhân xô,Vnđ/kg,Thu mua,VNĐ,2022-10-14,45083.5
Cà phê Robusta nhân xô,Vnđ/kg,Thu mua,VNĐ,2022-10-17,44683.5
Cà phê Robusta nhân xô,Vnđ/kg,Thu mua,VNĐ,2022-10-18,44583.5
Cà phê Robusta nhân xô,Vnđ/kg,Thu mua,VNĐ,2022-10-19,44533.5
Cà phê Robusta nhân xô,Vnđ/kg,Thu mua,VNĐ,2022-10-20,44266.5
Cà phê Robusta nhân xô,Vnđ/kg,Thu mua,VNĐ,2022-10-21,43716.5
Cà phê Robusta nhân xô,Vnđ/kg,Thu mua,VNĐ,2022-10-24,43066.5
Cà phê Robusta nhân xô,Vnđ/kg,Thu mua,VNĐ,2022-10-25,42616.5
Cà phê Robusta nhân xô,Vnđ/kg,Thu mua,VNĐ,2022-10-26,41866.5
Cà phê Robusta nhân xô,Vnđ/kg,Thu mua,VNĐ,2022-10-27,41233.5
Cà phê Robusta nhân xô,Vnđ/kg,Thu mua,VNĐ,2022-10-28,40966.5
Cà phê Robusta nhân xô,Vnđ/kg,Thu mua,VNĐ,2022-10-31,40716.5
Cà phê Robusta nhân xô,Vnđ/kg,Thu mua,VNĐ,2022-11-01,40766.5
Cà phê Robusta nhân xô,Vnđ/kg,Thu mua,VNĐ,2022-11-02,40966.5
Cà phê Robusta nhân xô,Vnđ/kg,Thu mua,VNĐ,2022-11-03,40816.5
Cà phê Robusta nhân xô,Vnđ/kg,Thu mua,VNĐ,2022-11-04,40716.5
Cà phê Robusta nhân xô,Vnđ/kg,Thu mua,VNĐ,2022-11-07,40966.5
Cà phê Robusta nhân xô,Vnđ/kg,Thu mua,VNĐ,2022-11-08,40566.5
Cà phê Robusta nhân xô,Vnđ/kg,Thu mua,VNĐ,2022-11-09,40066.5
Cà phê Robusta nhân xô,Vnđ/kg,Thu mua,VNĐ,2022-11-10,40066.5
Cà phê Robusta nhân xô,Vnđ/kg,Thu mua,VNĐ,2022-11-11,40266.5
Cà phê Robusta nhân xô,Vnđ/kg,Thu mua,VNĐ,2022-11-14,40066.5
Cà phê Robusta nhân xô,Vnđ/kg,Thu mua,VNĐ,2022-11-15,39566.5
Cà phê Robusta nhân xô,Vnđ/kg,Thu mua,VNĐ,2022-11-16,39250.0
Cà phê Robusta nhân xô,Vnđ/kg,Thu mua,VNĐ,2022-11-17,39266.5
Cà phê Robusta nhân xô,Vnđ/kg,Thu mua,VNĐ,2022-11-18,39316.5
Cà phê Robusta nhân xô,Vnđ/kg,Thu mua,VNĐ,2022-11-21,39266.5
Cà phê Robusta nhân xô,Vnđ/kg,Thu mua,VNĐ,2022-11-22,39616.5
Cà phê Robusta nhân xô,Vnđ/kg,Thu mua,VNĐ,2022-11-23,39666.5
Cà phê Robusta nhân xô,Vnđ/kg,Thu mua,VNĐ,2022-11-24,39666.5
Cà phê Robusta nhân xô,Vnđ/kg,Thu mua,VNĐ,2022-11-25,40066.5
Cà phê Robusta nhân xô,Vnđ/kg,Thu mua,VNĐ,2022-11-28,40216.5
Cà phê Robusta nhân xô,Vnđ/kg,Thu mua,VNĐ,2022-11-29,40316.5
Cà phê Robusta nhân xô,Vnđ/kg,Thu mua,VNĐ,2022-11-30,40566.5
Cà phê Robusta nhân xô,Vnđ/kg,Thu mua,VNĐ,2022-12-01,40766.5
Cà phê Robusta nhân xô,Vnđ/kg,Thu mua,VNĐ,2022-12-02,40766.5
Cà phê Robusta nhân xô,Vnđ/kg,Thu mua,VNĐ,2022-12-05,40716.5
Cà phê Robusta nhân xô,Vnđ/kg,Thu mua,VNĐ,2022-12-06,40816.5
Cà phê Robusta nhân xô,Vnđ/kg,Thu mua,VNĐ,2022-12-07,41066.5
Cà phê Robusta nhân xô,Vnđ/kg,Thu mua,VNĐ,2022-12-08,40966.5
Cà phê Robusta nhân xô,Vnđ/kg,Thu mua,VNĐ,2022-12-09,40566.5
Cà phê Robusta nhân xô,Vnđ/kg,Thu mua,VNĐ,2022-12-12,40516.5
Cà phê Robusta nhân xô,Vnđ/kg,Thu mua,VNĐ,2022-12-13,40616.5
Cà phê Robusta nhân xô,Vnđ/kg,Thu mua,VNĐ,2022-12-14,40566.5
Cà phê Robusta nhân xô,Vnđ/kg,Thu mua,VNĐ,2022-12-15,40766.5
Cà phê Robusta nhân xô,Vnđ/kg,Thu mua,VNĐ,2022-12-16,40666.5
Cà phê Robusta nhân xô,Vnđ/kg,Thu mua,VNĐ,2022-12-19,40316.5
Cà phê Robusta nhân xô,Vnđ/kg,Thu mua,VNĐ,2022-12-20,40316.5
Cà phê Robusta nhân xô,Vnđ/kg,Thu mua,VNĐ,2022-12-21,40466.5
Cà phê Robusta nhân xô,Vnđ/kg,Thu mua,VNĐ,2022-12-22,40516.5
Cà phê Robusta nhân xô,Vnđ/kg,Thu mua,VNĐ,2022-12-23,40416.5
Cà phê Robusta nhân xô,Vnđ/kg,Thu mua,VNĐ,2022-12-26,40366.5
Cà phê Robusta nhân xô,Vnđ/kg,Thu mua,VNĐ,2022-12-27,40366.5
Cà phê Robusta nhân xô,Vnđ/kg,Thu mua,VNĐ,2022-12-28,40266.5
Cà phê Robusta nhân xô,Vnđ/kg,Thu mua,VNĐ,2022-12-29,39766.5
Cà phê Robusta nhân xô,Vnđ/kg,Thu mua,VNĐ,2022-12-30,39116.5
Cà phê Robusta nhân xô,Vnđ/kg,Thu mua,VNĐ,2023-01-02,38866.5
Cà phê Robusta nhân xô,Vnđ/kg,Thu mua,VNĐ,2023-01-03,39266.5
Cà phê Robusta nhân xô,Vnđ/kg,Thu mua,VNĐ,2023-01-04,39766.5
Cà phê Robusta nhân xô,Vnđ/kg,Thu mua,VNĐ,2023-01-05,39566.5
Cà phê Robusta nhân xô,Vnđ/kg,Thu mua,VNĐ,2023-01-06,39166.5
Cà phê Robusta nhân xô,Vnđ/kg,Thu mua,VNĐ,2023-01-09,39316.5
Cà phê Robusta nhân xô,Vnđ/kg,Thu mua,VNĐ,2023-01-10,39366.5
Cà phê Robusta nhân xô,Vnđ/kg,Thu mua,VNĐ,2023-01-11,38966.5
Cà phê Robusta nhân xô,Vnđ/kg,Thu mua,VNĐ,2023-01-12,39216.5
Cà phê Robusta nhân xô,Vnđ/kg,Thu mua,VNĐ,2023-01-13,40216.5
Cà phê Robusta nhân xô,Vnđ/kg,Thu mua,VNĐ,2023-01-16,40666.5
Cà phê Robusta nhân xô,Vnđ/kg,Thu mua,VNĐ,2023-01-17,40616.5
Cà phê Robusta nhân xô,Vnđ/kg,Thu mua,VNĐ,2023-01-18,40666.5
Cà phê Robusta nhân xô,Vnđ/kg,Thu mua,VNĐ,2023-01-19,40766.5
Cà phê Robusta nhân xô,Vnđ/kg,Thu mua,VNĐ,2023-01-20,40816.5
Cà phê Robusta nhân xô,Vnđ/kg,Thu mua,VNĐ,2023-01-23,40816.5
Cà phê Robusta nhân xô,Vnđ/kg,Thu mua,VNĐ,2023-01-24,40766.5
Cà phê Robusta nhân xô,Vnđ/kg,Thu mua,VNĐ,2023-01-25,41066.5
Cà phê Robusta nhân xô,Vnđ/kg,Thu mua,VNĐ,2023-01-26,41516.5
Cà phê Robusta nhân xô,Vnđ/kg,Thu mua,VNĐ,2023-01-27,42066.5
Cà phê Robusta nhân xô,Vnđ/kg,Thu mua,VNĐ,2023-01-30,42316.5
Cà phê Robusta nhân xô,Vnđ/kg,Thu mua,VNĐ,2023-01-31,42166.5
Cà phê Robusta nhân xô,Vnđ/kg,Thu mua,VNĐ,2023-02-01,42766.5
Cà phê Robusta nhân xô,Vnđ/kg,Thu mua,VNĐ,2023-02-02,43016.5
Cà phê Robusta nhân xô,Vnđ/kg,Thu mua,VNĐ,2023-02-03,42766.5
Cà phê Robusta nhân xô,Vnđ/kg,Thu mua,VNĐ,2023-02-06,42766.5
Cà phê Robusta nhân xô,Vnđ/kg,Thu mua,VNĐ,2023-02-07,43266.5
Cà phê Robusta nhân xô,Vnđ/kg,Thu mua,VNĐ,2023-02-08,43416.5
Cà phê Robusta nhân xô,Vnđ/kg,Thu mua,VNĐ,2023-02-09,43416.5
Cà phê Robusta nhân xô,Vnđ/kg,Thu mua,VNĐ,2023-02-10,43666.5
Cà phê Robusta nhân xô,Vnđ/kg,Thu mua,VNĐ,2023-02-13,43916.5
Cà phê Robusta nhân xô,Vnđ/kg,Thu mua,VNĐ,2023-02-14,44266.5
Cà phê Robusta nhân xô,Vnđ/kg,Thu mua,VNĐ,2023-02-15,44516.5
Cà phê Robusta nhân xô,Vnđ/kg,Thu mua,VNĐ,2023-02-16,44516.5
Cà phê Robusta nhân xô,Vnđ/kg,Thu mua,VNĐ,2023-02-17,44916.5
Cà phê Robusta nhân xô,Vnđ/kg,Thu mua,VNĐ,2023-02-20,45366.5
Cà phê Robusta nhân xô,Vnđ/kg,Thu mua,VNĐ,2023-02-21,45666.5
Cà phê Robusta nhân xô,Vnđ/kg,Thu mua,VNĐ,2023-02-22,46266.5
Cà phê Robusta nhân xô,Vnđ/kg,Thu mua,VNĐ,2023-02-23,46866.5
Cà phê Robusta nhân xô,Vnđ/kg,Thu mua,VNĐ,2023-02-24,47016.5
Cà phê Robusta nhân xô,Vnđ/kg,Thu mua,VNĐ,2023-02-27,46966.5
Cà phê Robusta nhân xô,Vnđ/kg,Thu mua,VNĐ,2023-02-28,47266.5
Cà phê Robusta nhân xô,Vnđ/kg,Thu mua,VNĐ,2023-03-01,47616.5
Cà phê Robusta nhân xô,Vnđ/kg,Thu mua,VNĐ,2023-03-02,47800.0
Cà phê Robusta nhân xô,Vnđ/kg,Thu mua,VNĐ,2023-03-03,47816.5
Cà phê Robusta nhân xô,Vnđ/kg,Thu mua,VNĐ,2023-03-06,47666.5
Cà phê Robusta nhân xô,Vnđ/kg,Thu mua,VNĐ,2023-03-07,47616.5
Cà phê Robusta nhân xô,Vnđ/kg,Thu mua,VNĐ,2023-03-08,47716.5
Cà phê Robusta nhân xô,Vnđ/kg,Thu mua,VNĐ,2023-03-09,47866.5
Cà phê Robusta nhân xô,Vnđ/kg,Thu mua,VNĐ,2023-03-10,47766.5
Cà phê Robusta nhân xô,Vnđ/kg,Thu mua,VNĐ,2023-03-13,47366.5
Cà phê Robusta nhân xô,Vnđ/kg,Thu mua,VNĐ,2023-03-14,46916.5
Cà phê Robusta nhân xô,Vnđ/kg,Thu mua,VNĐ,2023-03-15,46566.5
Cà phê Robusta nhân xô,Vnđ/kg,Thu mua,VNĐ,2023-03-16,46716.5
Cà phê Robusta nhân xô,Vnđ/kg,Thu mua,VNĐ,2023-03-17,46566.5
Cà phê Robusta nhân xô,Vnđ/kg,Thu mua,VNĐ,2023-03-20,46366.5
Cà phê Robusta nhân xô,Vnđ/kg,Thu mua,VNĐ,2023-03-21,46866.5
Cà phê Robusta nhân xô,Vnđ/kg,Thu mua,VNĐ,2023-03-22,47016.5
Cà phê Robusta nhân xô,Vnđ/kg,Thu mua,VNĐ,2023-03-23,47016.5
Cà phê Robusta nhân xô,Vnđ/kg,Thu mua,VNĐ,2023-03-24,47666.5
Cà phê Robusta nhân xô,Vnđ/kg,Thu mua,VNĐ,2023-03-27,48366.5
Cà phê Robusta nhân xô,Vnđ/kg,Thu mua,VNĐ,2023-03-28,48316.5
Cà phê Robusta nhân xô,Vnđ/kg,Thu mua,VNĐ,2023-03-29,47916.5
Cà phê Robusta nhân xô,Vnđ/kg,Thu mua,VNĐ,2023-03-30,47766.5
Cà phê Robusta nhân xô,Vnđ/kg,Thu mua,VNĐ,2023-03-31,48066.5
Cà phê Robusta nhân xô,Vnđ/kg,Thu mua,VNĐ,2023-04-03,48566.5
Cà phê Robusta nhân xô,Vnđ/kg,Thu mua,VNĐ,2023-04-04,48966.5
Cà phê Robusta nhân xô,Vnđ/kg,Thu mua,VNĐ,2023-04-05,49466.5
Cà phê Robusta nhân xô,Vnđ/kg,Thu mua,VNĐ,2023-04-06,49766.5
Cà phê Robusta nhân xô,Vnđ/kg,Thu mua,VNĐ,2023-04-07,49566.5
Cà phê Robusta nhân xô,Vnđ/kg,Thu mua,VNĐ,2023-04-10,49766.5
Cà phê Robusta nhân xô,Vnđ/kg,Thu mua,VNĐ,2023-04-11,50166.5
Cà phê Robusta nhân xô,Vnđ/kg,Thu mua,VNĐ,2023-04-12,50516.5
Cà phê Robusta nhân xô,Vnđ/kg,Thu mua,VNĐ,2023-04-13,50666.5
Cà phê Robusta nhân xô,Vnđ/kg,Thu mua,VNĐ,2023-04-14,50266.5
Cà phê Robusta nhân xô,Vnđ/kg,Thu mua,VNĐ,2023-04-17,50116.5
Cà phê Robusta nhân xô,Vnđ/kg,Thu mua,VNĐ,2023-04-18,50416.5
Cà phê Robusta nhân xô,Vnđ/kg,Thu mua,VNĐ,2023-04-19,50766.5
Cà phê Robusta nhân xô,Vnđ/kg,Thu mua,VNĐ,2023-04-20,50716.5
Cà phê Robusta nhân xô,Vnđ/kg,Thu mua,VNĐ,2023-04-21,50666.5
Cà phê Robusta nhân xô,Vnđ/kg,Thu mua,VNĐ,2023-04-24,51066.5
Cà phê Robusta nhân xô,Vnđ/kg,Thu mua,VNĐ,2023-04-25,51366.5
Cà phê Robusta nhân xô,Vnđ/kg,Thu mua,VNĐ,2023-04-26,51316.5
Cà phê Robusta nhân xô,Vnđ/kg,Thu mua,VNĐ,2023-04-27,51216.5
Cà phê Robusta nhân xô,Vnđ/kg,Thu mua,VNĐ,2023-04-28,51166.5
Cà phê Robusta nhân xô,Vnđ/kg,Thu mua,VNĐ,2023-05-01,51166.5
Cà phê Robusta nhân xô,Vnđ/kg,Thu mua,VNĐ,2023-05-02,51266.5
Cà phê Robusta nhân xô,Vnđ/kg,Thu mua,VNĐ,2023-05-03,51816.5
Cà phê Robusta nhân xô,Vnđ/kg,Thu mua,VNĐ,2023-05-04,52066.5
Cà phê Robusta nhân xô,Vnđ/kg,Thu mua,VNĐ,2023-05-05,52716.5
Cà phê Robusta nhân xô,Vnđ/kg,Thu mua,VNĐ,2023-05-08,53516.5
Cà phê Robusta nhân xô,Vnđ/kg,Thu mua,VNĐ,2023-05-09,53466.5
Cà phê Robusta nhân xô,Vnđ/kg,Thu mua,VNĐ,2023-05-10,53716.5
Cà phê Robusta nhân xô,Vnđ/kg,Thu mua,VNĐ,2023-05-11,53466.5
Cà phê Robusta nhân xô,Vnđ/kg,Thu mua,VNĐ,2023-05-12,54016.5
Cà phê Robusta nhân xô,Vnđ/kg,Thu mua,VNĐ,2023-05-15,55566.5
Cà phê Robusta nhân xô,Vnđ/kg,Thu mua,VNĐ,2023-05-16,56066.5
Cà phê Robusta nhân xô,Vnđ/kg,Thu mua,VNĐ,2023-05-17,56666.5
Cà phê Robusta nhân xô,Vnđ/kg,Thu mua,VNĐ,2023-05-18,57000.0
Cà phê Robusta nhân xô,Vnđ/kg,Thu mua,VNĐ,2023-05-19,57500.0
